mutation_id	segment_id	chromosome	position
m001	seg01	1	1000
m002	seg01	1	2000
m003	seg01	1	3000
m004	seg01	1	4000
m005	seg01	1	5000
m006	seg01	1	6000
m007	seg01	1	7000
m008	seg01	1	8000
m009	seg01	1	9000
m010	seg01	1	10000
m011	seg01	1	11000
m012	seg01	1	12000
m013	seg01	1	13000
m014	seg01	1	14000
m015	seg01	1	15000
m016	seg01	1	16000
m017	seg01	1	17000
m018	seg01	1	18000
m019	seg01	1	19000
m020	seg01	1	20000
m021	seg01	1	21000
m022	seg01	1	22000
m023	seg01	1	23000
m024	seg01	1	24000
m025	seg01	1	25000
m026	seg01	1	26000
m027	seg01	1	27000
m028	seg01	1	28000
m029	seg01	1	29000
m030	seg01	1	30000
m031	seg02	1	101000
m032	seg02	1	102000
m033	seg02	1	103000
m034	seg02	1	104000
m035	seg02	1	105000
m036	seg02	1	106000
m037	seg02	1	107000
m038	seg02	1	108000
m039	seg02	1	109000
m040	seg02	1	110000
m041	seg02	1	111000
m042	seg02	1	112000
m043	seg02	1	113000
m044	seg02	1	114000
m045	seg02	1	115000
m046	seg02	1	116000
m047	seg02	1	117000
m048	seg02	1	118000
m049	seg02	1	119000
m050	seg02	1	120000
m051	seg02	1	121000
m052	seg02	1	122000
m053	seg02	1	123000
m054	seg02	1	124000
m055	seg02	1	125000
m056	seg02	1	126000
m057	seg02	1	127000
m058	seg02	1	128000
m059	seg02	1	129000
m060	seg02	1	130000
m061	seg03	1	201000
m062	seg03	1	202000
m063	seg03	1	203000
m064	seg03	1	204000
m065	seg03	1	205000
m066	seg03	1	206000
m067	seg03	1	207000
m068	seg03	1	208000
m069	seg03	1	209000
m070	seg03	1	210000
m071	seg03	1	211000
m072	seg03	1	212000
m073	seg03	1	213000
m074	seg03	1	214000
m075	seg03	1	215000
m076	seg03	1	216000
m077	seg03	1	217000
m078	seg03	1	218000
m079	seg03	1	219000
m080	seg03	1	220000
m081	seg03	1	221000
m082	seg03	1	222000
m083	seg03	1	223000
m084	seg03	1	224000
m085	seg03	1	225000
m086	seg03	1	226000
m087	seg03	1	227000
m088	seg03	1	228000
m089	seg03	1	229000
m090	seg03	1	230000
m091	seg04	1	301000
m092	seg04	1	302000
m093	seg04	1	303000
m094	seg04	1	304000
m095	seg04	1	305000
m096	seg04	1	306000
m097	seg04	1	307000
m098	seg04	1	308000
m099	seg04	1	309000
m100	seg04	1	310000
m101	seg04	1	311000
m102	seg04	1	312000
m103	seg04	1	313000
m104	seg04	1	314000
m105	seg04	1	315000
m106	seg04	1	316000
m107	seg04	1	317000
m108	seg04	1	318000
m109	seg04	1	319000
m110	seg04	1	320000
m111	seg04	1	321000
m112	seg04	1	322000
m113	seg04	1	323000
m114	seg04	1	324000
m115	seg04	1	325000
m116	seg04	1	326000
m117	seg04	1	327000
m118	seg04	1	328000
m119	seg04	1	329000
m120	seg04	1	330000
m121	seg05	1	401000
m122	seg05	1	402000
m123	seg05	1	403000
m124	seg05	1	404000
m125	seg05	1	405000
m126	seg05	1	406000
m127	seg05	1	407000
m128	seg05	1	408000
m129	seg05	1	409000
m130	seg05	1	410000
m131	seg05	1	411000
m132	seg05	1	412000
m133	seg05	1	413000
m134	seg05	1	414000
m135	seg05	1	415000
m136	seg05	1	416000
m137	seg05	1	417000
m138	seg05	1	418000
m139	seg05	1	419000
m140	seg05	1	420000
m141	seg05	1	421000
m142	seg05	1	422000
m143	seg05	1	423000
m144	seg05	1	424000
m145	seg05	1	425000
m146	seg05	1	426000
m147	seg05	1	427000
m148	seg05	1	428000
m149	seg05	1	429000
m150	seg05	1	430000
m151	seg06	1	501000
m152	seg06	1	502000
m153	seg06	1	503000
m154	seg06	1	504000
m155	seg06	1	505000
m156	seg06	1	506000
m157	seg06	1	507000
m158	seg06	1	508000
m159	seg06	1	509000
m160	seg06	1	510000
m161	seg06	1	511000
m162	seg06	1	512000
m163	seg06	1	513000
m164	seg06	1	514000
m165	seg06	1	515000
m166	seg06	1	516000
m167	seg06	1	517000
m168	seg06	1	518000
m169	seg06	1	519000
m170	seg06	1	520000
m171	seg06	1	521000
m172	seg06	1	522000
m173	seg06	1	523000
m174	seg06	1	524000
m175	seg06	1	525000
m176	seg06	1	526000
m177	seg06	1	527000
m178	seg06	1	528000
m179	seg06	1	529000
m180	seg06	1	530000
m181	seg07	1	601000
m182	seg07	1	602000
m183	seg07	1	603000
m184	seg07	1	604000
m185	seg07	1	605000
m186	seg07	1	606000
m187	seg07	1	607000
m188	seg07	1	608000
m189	seg07	1	609000
m190	seg07	1	610000
m191	seg07	1	611000
m192	seg07	1	612000
m193	seg07	1	613000
m194	seg07	1	614000
m195	seg07	1	615000
m196	seg07	1	616000
m197	seg07	1	617000
m198	seg07	1	618000
m199	seg07	1	619000
m200	seg07	1	620000
m201	seg07	1	621000
m202	seg07	1	622000
m203	seg07	1	623000
m204	seg07	1	624000
m205	seg07	1	625000
m206	seg07	1	626000
m207	seg07	1	627000
m208	seg07	1	628000
m209	seg07	1	629000
m210	seg07	1	630000
m211	seg08	1	701000
m212	seg08	1	702000
m213	seg08	1	703000
m214	seg08	1	704000
m215	seg08	1	705000
m216	seg08	1	706000
m217	seg08	1	707000
m218	seg08	1	708000
m219	seg08	1	709000
m220	seg08	1	710000
m221	seg08	1	711000
m222	seg08	1	712000
m223	seg08	1	713000
m224	seg08	1	714000
m225	seg08	1	715000
m226	seg08	1	716000
m227	seg08	1	717000
m228	seg08	1	718000
m229	seg08	1	719000
m230	seg08	1	720000
m231	seg08	1	721000
m232	seg08	1	722000
m233	seg08	1	723000
m234	seg08	1	724000
m235	seg08	1	725000
m236	seg08	1	726000
m237	seg08	1	727000
m238	seg08	1	728000
m239	seg08	1	729000
m240	seg08	1	730000
m241	seg09	1	801000
m242	seg09	1	802000
m243	seg09	1	803000
m244	seg09	1	804000
m245	seg09	1	805000
m246	seg09	1	806000
m247	seg09	1	807000
m248	seg09	1	808000
m249	seg09	1	809000
m250	seg09	1	810000
m251	seg09	1	811000
m252	seg09	1	812000
m253	seg09	1	813000
m254	seg09	1	814000
m255	seg09	1	815000
m256	seg09	1	816000
m257	seg09	1	817000
m258	seg09	1	818000
m259	seg09	1	819000
m260	seg09	1	820000
m261	seg09	1	821000
m262	seg09	1	822000
m263	seg09	1	823000
m264	seg09	1	824000
m265	seg09	1	825000
m266	seg09	1	826000
m267	seg09	1	827000
m268	seg09	1	828000
m269	seg09	1	829000
m270	seg09	1	830000
m271	seg10	1	901000
m272	seg10	1	902000
m273	seg10	1	903000
m274	seg10	1	904000
m275	seg10	1	905000
m276	seg10	1	906000
m277	seg10	1	907000
m278	seg10	1	908000
m279	seg10	1	909000
m280	seg10	1	910000
m281	seg10	1	911000
m282	seg10	1	912000
m283	seg10	1	913000
m284	seg10	1	914000
m285	seg10	1	915000
m286	seg10	1	916000
m287	seg10	1	917000
m288	seg10	1	918000
m289	seg10	1	919000
m290	seg10	1	920000
m291	seg10	1	921000
m292	seg10	1	922000
m293	seg10	1	923000
m294	seg10	1	924000
m295	seg10	1	925000
m296	seg10	1	926000
m297	seg10	1	927000
m298	seg10	1	928000
m299	seg10	1	929000
m300	seg10	1	930000
