mutation_id	sample_id	alt_count	ref_count	count_observed	purity	normal_cn	segment_id	cn_state_id	cn_state_fraction	allele_a_cn	allele_b_cn
m1	region1	28	72	1	0.70	2	diploid	state1	1.0	1	1
m1	region2	24	76	1	0.65	2	diploid	state1	1.0	1	1
m2	region1	20	80	1	0.70	2	gain	state1	1.0	2	1
m2	region2	18	82	1	0.65	2	gain	state1	1.0	2	1
m3	region1	15	85	1	0.70	2	subclonal_gain	state1	0.6	1	1
m3	region1	15	85	1	0.70	2	subclonal_gain	state2	0.4	2	1
m3	region2	12	88	1	0.65	2	subclonal_gain	state1	0.7	1	1
m3	region2	12	88	1	0.65	2	subclonal_gain	state2	0.3	2	1
m4	region1	8	92	1	0.70	2	diploid	state1	1.0	1	1
m4	region2	0	0	0	0.65	2	diploid	state1	1.0	1	1
m5	region1	31	69	1	0.70	2	amplification	state1	1.0	3	1
m5	region2	26	74	1	0.65	2	amplification	state1	1.0	3	1
m6	region1	10	90	1	0.70	2	subclonal_loss	state1	0.75	1	1
m6	region1	10	90	1	0.70	2	subclonal_loss	state2	0.25	1	0
m6	region2	9	91	1	0.65	2	subclonal_loss	state1	0.8	1	1
m6	region2	9	91	1	0.65	2	subclonal_loss	state2	0.2	1	0
